{
    "peliculas": [
      {
        "id": 1,
        "titulo": "El Padrino",
        "genero": "Drama",
        "anio": 1972,
        "director": "Francis Ford Coppola",
        "imagen": "img/padrino.jpg",
        "sinopsis":"es la peli del padrino",
        "descripcion": "El Padrino es una película de crimen y drama dirigida por Francis Ford Coppola. Se estrenó en 1972 y es considerada una de las mejores películas de todos los tiempos. La historia sigue la vida de la familia mafiosa Corleone y su ascenso al poder en el mundo del crimen organizado."
      },
      {
        "id": 2,
        "titulo": "Pulp Fiction",
        "genero": "Crimen",
        "anio": 1994,
        "director": "Quentin Tarantino",
        "imagen": "img/pulp.jpg",
        "descripcion": "Pulp Fiction es una película de crimen dirigida por Quentin Tarantino. Fue estrenada en 1994 y se ha convertido en un clásico del cine. La trama entrelaza varias historias de personajes relacionados con el mundo del crimen, con diálogos ingeniosos y escenas memorables."
      },
      {
        "id": 3,
        "titulo": "El Señor de los Anillos: La Comunidad del Anillo",
        "genero": "Fantasía",
        "anio": 2001,
        "director": "Peter Jackson",
        "imagen": "img/senor.jpg",
        "descripcion": "El Señor de los Anillos: La Comunidad del Anillo es la primera película de la trilogía basada en la obra de J.R.R. Tolkien. Dirigida por Peter Jackson y estrenada en 2001, la historia sigue las aventuras de un grupo de personajes en su misión para destruir un poderoso anillo y salvar la Tierra Media."
      },
      {
        "id": 4,
        "titulo": "Forrest Gump",
        "genero": "Drama",
        "anio": 1994,
        "director": "Robert Zemeckis",
        "imagen": "img/forest.jpg",
        "descripcion": "Forrest Gump es una película de drama dirigida por Robert Zemeckis. Fue estrenada en 1994 y cuenta la vida de un hombre con discapacidad intelectual que se ve involucrado en importantes eventos históricos de Estados Unidos. Es una historia conmovedora sobre amor, amistad y superación."
      },
      {
        "id": 5,
        "titulo": "El Resplandor",
        "genero": "Terror",
        "anio": 1980,
        "director": "Stanley Kubrick",
        "imagen": "img/elresplandor.jpg",
        "descripcion": "El Resplandor es una película de terror dirigida por Stanley Kubrick. Fue estrenada en 1980 y está basada en la novela de Stephen King. La historia sigue a un escritor que acepta un trabajo como cuidador de un hotel aislado, pero pronto comienza a experimentar eventos sobrenaturales y una descendencia hacia la locura."
      },
      {
        "id": 6,
        "titulo": "Spiderman: Across the Spiderverse",
        "genero": "Fantasia",
        "anio": 2023,
        "director": "Joaquim Dos Santos",
        "imagen": "img/milesmorales.jpg",
        "descripcion": "La trama de Spider-Man: Across the Spider-Verse sigue a Miles Morales, el joven Spider-Man, mientras se embarca en una nueva aventura a través de diferentes dimensiones. La historia se desarrolla después de los eventos de la primera película, donde Miles descubre la existencia de un multiverso y se encuentra con otros Spider-Man de diferentes realidades. En esta secuela, Miles Morales se enfrentará a nuevos desafíos y peligros que pondrán a prueba sus habilidades y determinación."
      },
      {
        "id": 7,
        "titulo": "Orgullo y Prejuicio",
        "genero": "Romance",
        "anio": 2006,
        "director": "Joe Wright",
        "imagen": "img/orgullo.jpg",
        "descripcion": "En esta daptación de la célebre novela de Jane Austen, la joven Lizzie conoce al apuesto y elegante señor Darcy, pero, a primera vista, le parece demasiado orgulloso y arrogante."
      },
      {
        "id": 8,
        "titulo": "El Grinch",
        "genero": "Fantasia y Comedia",
        "anio": 2000,
        "director": "Ron Howard",
        "imagen": "img/thegrinch.jpg",
        "descripcion": "Cuando todos deciden hacer que la Navidad sea más grande, más ruidosa y más brillante, el descontento Grinch trama un plan para hacerse pasar por Santa Claus, robar la Navidad y silenciar la alegría festiva de una vez por todas."
      },
      {
        "id": 9,
        "titulo": "El eterno resplandor",
        "genero": "Drama y Romance",
        "anio": 2004,
        "director": "Michel Gondry",
        "imagen": "img/eterno.jpg",
        "descripcion": "Parecían la pareja ideal, su primer encuentro fue mágico, pero con el paso del tiempo ella deseó nunca haberlo conocido. Su anhelo se hace realidad gracias a un polémico y radical invento. Sin embargo descubrirán que el destino no se puede controlar."
      },
      {
        "id": 10,
        "titulo": "The Truman Show",
        "genero": "Comedia y Drama",
        "anio": 1998,
        "director": "Peter Weir",
        "imagen": "img/truman.jpg",
        "descripcion": "Truman Burbank, un feliz agente de seguros, cree llevar una vida normal, pero no tiene idea de que las cámaras lo graban las 24 horas y que todo lo que hace se ve en televisión."
      },
      {
        "id": 11,
        "titulo": "Star Wars: La amenaza fantasma",
        "genero": "Ciencia y ficcion",
        "anio": 1999,
        "director": "George Lucas",
        "imagen": "img/starwars1.jpg",
        "descripcion": "Obi-Wan Kenobi es un joven aprendiz caballero Jedi bajo la tutela de Qui-Gon Jinn; Anakin Skywalker, quien después será padre de Luke Skywalker y se convertirá en Darth Vader, solamente es un niño de 9 años. Cuando la Federación de Comercio corta todas las rutas al planeta Naboo, Qui-Gon y Obi-Wan son asignados para solucionar el problema."
      },
      {
        "id": 12,
        "titulo": "Star Wars: El ataque de los clones",
        "genero": "Ciencia y ficcion",
        "anio": 2002,
        "director": "George Lucas",
        "imagen": "img/starwars2.jpg",
        "descripcion": "En el Senado Galáctico reina la inquietud. Varios miles de sistemas solares han declarado su intención de abandonar la República. Este movimiento separatista, liderado por el misterioso conde Dooku, ha provocado que al limitado número de caballeros Jedi les resulte difícil mantener la paz y el orden en la galaxia. La senadora Amidala, antigua Reina de Naboo, regresa al Senado Galáctico para dar su voto en la crítica cuestión de crear un ejército de la República que ayude a los desbordados Jedi."
      },
      {
        "id": 13,
        "titulo": "Star Wars: La venganza de los Siths",
        "genero": "Ciencia y ficcion",
        "anio": 2005,
        "director": "George Lucas",
        "imagen": "img/starwars3.jpg",
        "descripcion": "¡Guerra! La República se desmorona bajo los ataques del despiadado Lord Sith, el conde Dooku. Hay héroes en ambos bandos, pero el mal está por doquier. En una contundente jugada, el diabólico líder droide, el general Grievous, ha irrumpido en la capital de la República y ha secuestrado al Canciller Palpatine, líder del senado Galáctico. Mientras el ejército droide separatista trata de huir con su valioso rehén, dos caballeros Jedi inician una misión desesperada para liberar al Canciller cautivo."
      },
      {
        "id": 14,
        "titulo": "Star Wars: Una nueva esperanza",
        "genero": "Ciencia y ficcion",
        "anio": 1977,
        "director": "George Lucas",
        "imagen": "img/starwars4.jpg",
        "descripcion": "La nave en la que viaja la princesa Leia es capturada por las tropas imperiales al mando del temible Darth Vader. Antes de ser atrapada, Leia consigue introducir un mensaje en su robot R2-D2, quien acompañado de su inseparable C-3PO logran escapar. Tras aterrizar en el planeta Tattooine son capturados y vendidos al joven Luke Skywalker, quien descubrirá el mensaje oculto que va destinado a Obi Wan Kenobi, maestro Jedi a quien Luke debe encontrar para salvar a la princesa."
      },
      {
        "id": 15,
        "titulo": "Star Wars: El imperio Contraataca",
        "genero": "Ciencia y ficcion",
        "anio": 1980,
        "director": "Irvin Kershner",
        "imagen": "img/starwars5.jpg",
        "descripcion": "Son tiempos adversos para la rebelión. Aunque la Estrella de la Muerte ha sido destruida, las tropas imperiales han hecho salir a las fuerzas rebeldes de sus bases ocultas y los persiguen a través de la galaxia. Tras escapar de la terrible Flota Imperial, un grupo de guerreros de la libertad, encabezados por Luke Skywalker, ha establecido una nueva base secreta en el remonto mundo helado de Hoth."
      },
      {
        "id": 16,
        "titulo": "Star Wars: El retorno del Jedi",
        "genero": "Ciencia y ficcion",
        "anio": 1983,
        "director": "George Lucas",
        "imagen": "img/starwars6.jpg",
        "descripcion": "Seis meses después de que Han Solo fuera capturado y congelado en carbonita en la Ciudad de las Nubes, el Imperio Galáctico está construyendo una nueva Estrella de la Muerte. Mientras tanto, el joven Luke lucha para alcanzar la maestría jedi."
      },
      {
        "id": 17,
        "titulo": "Star Wars: El despertar de la fuerza",
        "genero": "Ciencia y ficcion",
        "anio": 2015,
        "director": "J. J. Abrams",
        "imagen": "img/starwars7.jpg",
        "descripcion": "Treinta años después de la victoria de la Alianza Rebelde sobre la segunda Estrella de la Muerte, la galaxia tiene que enfrentarse a una nueva amenaza: el malvado Kylo Ren y la Primera Orden. Cuando el desertor Finn llega a un planeta desierto conoce a Rey, cuyo androide contiene un mapa secreto. Juntos, la joven pareja unirá fuerzas con Han Solo para asegurarse de que la resistencia encuentra a Luke Skywalker, el último de los caballeros Jedi."
      },
      {
        "id": 18,
        "titulo": "Star Wars: El ultimo Jedi",
        "genero": "Ciencia y ficcion",
        "anio": 2017,
        "director": "Rian Johnson",
        "imagen": "img/starwars8.jpg",
        "descripcion": "La Primera Orden ha acorralado a los últimos miembros de la resistencia. Su última esperanza es que Finn se introduzca en la nave de Snoke y desactive el radar que les permite localizarlos. Mientras él trata, en compañía de una soldado de la Resistencia, de cumplir esta misión imposible, Rey se encuentra lejos, intentando convencer a Luke Skywalker de que la entrene y la convierta en la última jedi."
      },
      {
        "id": 19,
        "titulo": "Star Wars: El ascenso de Skywalker",
        "genero": "Ciencia y ficcion",
        "anio": 2019,
        "director": "J. J. Abrams",
        "imagen": "img/starwars9.jpg",
        "descripcion": "La Resistencia sobreviviente se enfrenta a la Primera Orden, y Rey, Finn, Poe y el resto de los héroes encararán nuevos retos y una batalla final con la sabiduría de las generaciones anteriores."
      }
    ]
  }
  